,Company Name,Location,Companylink
0,                   Childcare Opportunity                ,"                   New South Wales, Australia                ",https://www.australianinvestmentnetwork.com/business-proposals/childcare-opportunity-15-1254722
1,                   ESTIMATED ROI: 272%-466%                ,"                   New South Wales, Australia                ",https://www.australianinvestmentnetwork.com/business-proposals/estimated-roi-272-466--15-911960
2,                   Focus Container Line P/L                ,"                   Queensland, Australia                ",https://www.australianinvestmentnetwork.com/business-proposals/focus-container-line-p-l-15-1245217
3,                   Carefully Planned                ,"                   Victoria, Australia                ",https://www.australianinvestmentnetwork.com/business-proposals/carefully-planned-15-1242578
4,                   AXIOM Holographics                ,"                   Queensland, Australia                ",https://www.australianinvestmentnetwork.com/business-proposals/axiom-holographics-15-1038436
5,                   AI-Powered Trading Robot                ,"                   Queensland, Australia                ",https://www.australianinvestmentnetwork.com/business-proposals/ai-powered-trading-robot-15-777977
6,                   Rock Emporium                 ,"                   Victoria, Australia                ",https://www.australianinvestmentnetwork.com/business-proposals/rock-emporium-15-1241919
7,                   DDoubleUP App                ,"                   New South Wales, Australia                ",https://www.australianinvestmentnetwork.com/business-proposals/ddoubleup-app-15-1242492
8,                   START UP WITH MVP                ,"                   Queensland, Australia                ",https://www.australianinvestmentnetwork.com/business-proposals/start-up-mvp-15-1186473
9,                   Local Brewing Co.                ,"                   Victoria, Australia                ",https://www.australianinvestmentnetwork.com/business-proposals/local-brewing-co-15-1253544
10,                   FinTech Trading using AI                ,"                   New South Wales, Australia                ",https://www.australianinvestmentnetwork.com/business-proposals/fintech-trading-using-ai-15-1129250
11,                   AirShare                ,"                   Queensland, Australia                ",https://www.australianinvestmentnetwork.com/business-proposals/airshare-15-1212068
12,                   Team Technology Group                ,"                   Queensland, Australia                ",https://www.australianinvestmentnetwork.com/business-proposals/team-technology-group-15-1240275
13,                   Prestige Rentals                 ,"                   New South Wales, Australia                ",https://www.australianinvestmentnetwork.com/business-proposals/prestige-rentals-15-1244088
14,                   Mother of Pearl Vodka                ,"                   New South Wales, Australia                ",https://www.australianinvestmentnetwork.com/business-proposals/mother-pearl-vodka-15-1254772
15,                   WORLD VANILLA SCARCITY                ,"                   Pacific Islands, Australia                ",https://www.australianinvestmentnetwork.com/business-proposals/world-vanilla-scarcity-15-1232328
16,                   Bridging Loan Good ROI                ,"                   Northern Territory, Australia                ",https://www.australianinvestmentnetwork.com/business-proposals/bridging-loan-good-roi-15-1177296
17,                   Bugal                ,"                   New South Wales, Australia                ",https://www.australianinvestmentnetwork.com/business-proposals/bugal-15-1246140
18,                   HOME COMPOST MANUFACTURE                ,"                   Tasmania, Australia                ",https://www.australianinvestmentnetwork.com/business-proposals/home-compost-manufacture-15-1208888
19,                   FAE SWIM                ,"                   New South Wales, Australia                ",https://www.australianinvestmentnetwork.com/business-proposals/fae-swim-15-1252628
20,                   GeoStab                ,"                   New South Wales, Australia                ",https://www.australianinvestmentnetwork.com/business-proposals/geostab-15-970778
21,                   Druuna Morbus Gravis Film                ,"                   Queensland, Australia                ",https://www.australianinvestmentnetwork.com/business-proposals/druuna-morbus-gravis-film-15-1243336
22,                   Demk Developments Pty Ltd                ,"                   Victoria, Australia                ",https://www.australianinvestmentnetwork.com/business-proposals/demk-developments-pty-ltd-15-1161839
23,                   ProSteer for Xbox                ,"                   Queensland, Australia                ",https://www.australianinvestmentnetwork.com/business-proposals/prosteer-for-xbox-15-1067016
24,                   Private Finance - Joinery                ,"                   Victoria, Australia                ",https://www.australianinvestmentnetwork.com/business-proposals/private-finance-joinery-15-1247304
25,                   Elemento Dragons NFTs                ,"                   New South Wales, Australia                ",https://www.australianinvestmentnetwork.com/business-proposals/elemento-dragons-nfts-15-1241418
26,                   Orana Stay                ,"                   New South Wales, Australia                ",https://www.australianinvestmentnetwork.com/business-proposals/orana-stay-15-1247740
27,                   Australian Glow                ,"                   Victoria, Australia                ",https://www.australianinvestmentnetwork.com/business-proposals/australian-glow-15-1248525
28,                   Funding for start up                ,"                   Tasmania, Australia                ",https://www.australianinvestmentnetwork.com/business-proposals/funding-for-start-up-15-1248542
29,                   Retaining Quality Tenants                ,"                   New South Wales, Australia                ",https://www.australianinvestmentnetwork.com/business-proposals/retaining-quality-tenants-15-1238641
30,                   Cyber Safety App                ,"                   New South Wales, Australia                ",https://www.australianinvestmentnetwork.com/business-proposals/cyber-safety-app-15-1220347
31,                   Giving the Gift of Voice                 ,"                   New South Wales, Australia                ",https://www.australianinvestmentnetwork.com/business-proposals/giving-the-gift-voice-15-1220116
32,                   NFT's Incubator                ,"                   New South Wales, Australia                ",https://www.australianinvestmentnetwork.com/business-proposals/nfts-incubator-15-1216947
33,                   Antibody Lead Discovery                 ,"                   New South Wales, Australia                ",https://www.australianinvestmentnetwork.com/business-proposals/antibody-lead-discovery-15-1255194
34,                   Zixxth SOLutions Fusion                 ,"                   South Australia, Australia                ",https://www.australianinvestmentnetwork.com/business-proposals/zixxth-solutions-fusion-15-1247320
35,                   Trading Capital                 ,"                   Queensland, Australia                ",https://www.australianinvestmentnetwork.com/business-proposals/trading-capital-15-1243894
36,                   Bakslap                ,"                   Queensland, Australia                ",https://www.australianinvestmentnetwork.com/business-proposals/bakslap-15-1093789
37,                   LeadUs                ,"                   Queensland, Australia                ",https://www.australianinvestmentnetwork.com/business-proposals/leadus-15-1201563
38,                   Cut Flower supply chain                 ,"                   Queensland, Australia                ",https://www.australianinvestmentnetwork.com/business-proposals/cut-flower-supply-chain-15-1239621
39,                   Pepe Health Distribution                ,"                   New South Wales, Australia                ",https://www.australianinvestmentnetwork.com/business-proposals/pepe-health-distribution-15-1238619
40,                   Production Music Company                ,"                   New South Wales, Australia                ",https://www.australianinvestmentnetwork.com/business-proposals/production-music-company-15-773422
41,                   Australian Lingerie Brand                ,"                   Queensland, Australia                ",https://www.australianinvestmentnetwork.com/business-proposals/australian-lingerie-brand-15-993735
42,                   FoodSt.com.au                ,"                   New South Wales, Australia                ",https://www.australianinvestmentnetwork.com/business-proposals/foodstcomau-15-792366
43,                   New Directed Energy Tech                ,"                   New South Wales, Australia                ",https://www.australianinvestmentnetwork.com/business-proposals/new-directed-energy-tech-15-1238833
44,                   R U bubbles to our bath?                ,"                   Western Australia, Australia                ",https://www.australianinvestmentnetwork.com/business-proposals/r-u-bubbles-to-our-bath-15-1246004
45,                   Swan Song                ,"                   Queensland, Australia                ",https://www.australianinvestmentnetwork.com/business-proposals/swan-song-15-1252850
46,                   The Unbillable Hour                 ,"                   Queensland, Australia                ",https://www.australianinvestmentnetwork.com/business-proposals/the-unbillable-hour-15-1248788
47,                   Motorhaus Garage                 ,"                   Queensland, Australia                ",https://www.australianinvestmentnetwork.com/business-proposals/motorhaus-garage-15-1093804
48,                   Award Winning Brewing                ,"                   Western Australia, Australia                ",https://www.australianinvestmentnetwork.com/business-proposals/award-winning-brewing-15-1197506
49,                   Empty Container Trailer                ,"                   Western Australia, Australia                ",https://www.australianinvestmentnetwork.com/business-proposals/empty-container-trailer-15-1242298
50,                   Fauto Dynamic Partnership                ,"                   Victoria, Australia                ",https://www.australianinvestmentnetwork.com/business-proposals/fauto-dynamic-partnership-15-1206235
51,                   Tanya Pearson Academy                ,"                   New South Wales, Australia                ",https://www.australianinvestmentnetwork.com/business-proposals/tanya-pearson-academy-15-1244278
52,                   Nothing PICKLELY here.                 ,"                   New South Wales, Australia                ",https://www.australianinvestmentnetwork.com/business-proposals/nothing-picklely-here-15-1246444
53,                   PULPX                 ,"                   Queensland, Australia                ",https://www.australianinvestmentnetwork.com/business-proposals/pulpx-15-1251155
54,                   Grow Waku Space                ,"                   Capital Territory, Australia                ",https://www.australianinvestmentnetwork.com/business-proposals/grow-waku-space-15-1243061
55,                   Ideal Conditions                ,"                   New South Wales, Australia                ",https://www.australianinvestmentnetwork.com/business-proposals/ideal-conditions-15-1236790
56,                   Neuratech Nootropics                ,"                   Queensland, Australia                ",https://www.australianinvestmentnetwork.com/business-proposals/neuratech-nootropics-15-1241166
57,                   Giveaway Trade Promotion                 ,"                   New South Wales, Australia                ",https://www.australianinvestmentnetwork.com/business-proposals/giveaway-trade-promotion-15-1250076
58,                   CAT4 Universal Database                ,                   New Zealand                ,https://www.australianinvestmentnetwork.com/business-proposals/cat4-universal-database-15-1215970
59,                   Air Future Ltd                ,                   New Zealand                ,https://www.australianinvestmentnetwork.com/business-proposals/air-future-ltd-15-1215421
60,                   Barbering Investment                 ,"                   Queensland, Australia                ",https://www.australianinvestmentnetwork.com/business-proposals/barbering-investment-15-1227106
61,                   Asian Board Game Club                ,"                   Victoria, Australia                ",https://www.australianinvestmentnetwork.com/business-proposals/asian-board-game-club-15-1248522
62,                   Unique Fire Safety Device                ,                   United Kingdom                ,https://www.australianinvestmentnetwork.com/business-proposals/unique-fire-safety-device-15-1229716
63,                   Home Building company                 ,"                   Victoria, Australia                ",https://www.australianinvestmentnetwork.com/business-proposals/home-building-company-15-1253060
64,                   Passionate Compassionate                ,"                   Queensland, Australia                ",https://www.australianinvestmentnetwork.com/business-proposals/passionate-compassionate-15-1252785
65,                   Annual Dividend + Buyback                ,"                   Queensland, Australia                ",https://www.australianinvestmentnetwork.com/business-proposals/annual-dividend-buyback-15-1241940
66,                   Fastfood Gap Identified                ,"                   Victoria, Australia                ",https://www.australianinvestmentnetwork.com/business-proposals/fastfood-gap-identified-15-1240213
67,                   Trading Partner                ,"                   New South Wales, Australia                ",https://www.australianinvestmentnetwork.com/business-proposals/trading-partner-15-1248230
68,                   Reading for Everyone                 ,"                   Queensland, Australia                ",https://www.australianinvestmentnetwork.com/business-proposals/reading-for-everyone-15-1250942
69,                   Inspired MMM Coaching                ,"                   South Australia, Australia                ",https://www.australianinvestmentnetwork.com/business-proposals/inspired-mmm-coaching-15-1255223
70,                   Revegetation App                ,"                   Victoria, Australia                ",https://www.australianinvestmentnetwork.com/business-proposals/revegetation-app-15-1246182
71,                   A little hidden gem.                ,"                   Queensland, Australia                ",https://www.australianinvestmentnetwork.com/business-proposals/a-little-hidden-gem-15-1249088
72,                   Relaxation and wellness                ,"                   Queensland, Australia                ",https://www.australianinvestmentnetwork.com/business-proposals/relaxation-and-wellness-15-1249778
73,                   Business expansion                ,"                   South Australia, Australia                ",https://www.australianinvestmentnetwork.com/business-proposals/business-expansion-15-1251275
74,"                   Goats, Not Toxic Sprays                ","                   Tasmania, Australia                ",https://www.australianinvestmentnetwork.com/business-proposals/goats-not-toxic-sprays-15-1248188
75,                   acQyr eXchange                ,"                   West, USA                ",https://www.australianinvestmentnetwork.com/business-proposals/acqyr-exchange-15-1190367
76,                   Big Data Platform                 ,"                   North East, USA                ",https://www.australianinvestmentnetwork.com/business-proposals/big-data-platform-15-680637
77,                   Series A Funding                ,"                   Tasman , New Zealand                ",https://www.australianinvestmentnetwork.com/business-proposals/series-funding-15-1247943
78,                   Paperclip                ,"                   London, United Kingdom                ",https://www.australianinvestmentnetwork.com/business-proposals/paperclip-15-873804
79,                   Xerve (Rs. 10L = 5Cr ROI)                ,"                   Karnataka, India                ",https://www.australianinvestmentnetwork.com/business-proposals/xerve-rs-10l-5cr-roi--15-233469
80,"                   Nimbus Engineering, Inc.                ","                   West, USA                ",https://www.australianinvestmentnetwork.com/business-proposals/nimbus-engineering-inc-15-1254351
81,                   SeeMeSave                ,"                   Gauteng, South Africa                ",https://www.australianinvestmentnetwork.com/business-proposals/seemesave-15-1254158
82,                   Stamp Free                ,"                   Scotland, United Kingdom                ",https://www.australianinvestmentnetwork.com/business-proposals/stamp-free-15-1213339
83,                   The Healing Hub-Wellbeing                ,"                   South East, United Kingdom                ",https://www.australianinvestmentnetwork.com/business-proposals/the-healing-hub-wellbeing-15-1247368
84,                   Crocket - Baño con...                ,"                   Fuera de América del Sur, Spain                ",https://www.australianinvestmentnetwork.com/business-proposals/crocket-bano-con-diseno-15-1249457
85,                   cornhillgate oil and gas                ,                   Nigeria                ,https://www.australianinvestmentnetwork.com/business-proposals/cornhillgate-oil-and-gas-15-1248839
86,                   Sky`s The Limit // Movie                ,"                   Norway, Norway                ",https://www.australianinvestmentnetwork.com/business-proposals/skys-the-limit-movie-15-1246104
87,                   ESTIMATED ROI: 272%-466%                ,"                   South West, USA                ",https://www.australianinvestmentnetwork.com/business-proposals/estimated-roi-272-466--15-1172568
88,                   RISE inc.                ,"                   North East, USA                ",https://www.australianinvestmentnetwork.com/business-proposals/rise-inc-15-1238854
89,                   Tinnitus Therapy                ,"                   Eastern, Switzerland                ",https://www.australianinvestmentnetwork.com/business-proposals/tinnitus-therapy-15-1244685
90,                   Tinnitus Therapy                ,"                   Eastern, Switzerland                ",https://www.australianinvestmentnetwork.com/business-proposals/tinnitus-therapy-15-1246576
91,                   Revolancer                ,"                   London, United Kingdom                ",https://www.australianinvestmentnetwork.com/business-proposals/revolancer-15-1243125
92,                   Olivia's Chicken                ,"                   Quebec, Canada                ",https://www.australianinvestmentnetwork.com/business-proposals/olivias-chicken-15-1244153
93,                   Daniko                 ,"                   Baden-Württemberg, Germany                ",https://www.australianinvestmentnetwork.com/business-proposals/daniko-15-1232035
94,                   QuickFMS SaaS Product                ,"                   Telangana, India                ",https://www.australianinvestmentnetwork.com/business-proposals/quickfms-saas-product-15-72318
95,                   Twyn - Infinite Scaling                ,"                   London, United Kingdom                ",https://www.australianinvestmentnetwork.com/business-proposals/twyn-infinite-scaling-15-1243933
96,                   CWS Capital                ,"                   Alberta, Canada                ",https://www.australianinvestmentnetwork.com/business-proposals/cws-capital-15-1178775
97,                   Executive Grade                ,"                   North Holland, Netherlands                ",https://www.australianinvestmentnetwork.com/business-proposals/executive-grade-15-1218291
98,                   40% ROI Estate Investment                ,                   South Africa                ,https://www.australianinvestmentnetwork.com/business-proposals/40-roi-estate-investment-15-1250273
99,                   LifeBridge Innovations                ,"                   South East, USA                ",https://www.australianinvestmentnetwork.com/business-proposals/lifebridge-innovations-15-1239835
100,                   Dream Quant Software                ,"                   Midwest, USA                ",https://www.australianinvestmentnetwork.com/business-proposals/dream-quant-software-15-1237142
101,                   Non-Chem Biofertilizer                ,                   Norway                ,https://www.australianinvestmentnetwork.com/business-proposals/non-chem-biofertilizer-15-1248006
102,                   LDN CBD                ,"                   London, United Kingdom                ",https://www.australianinvestmentnetwork.com/business-proposals/ldn-cbd-15-1241137
103,                   The Cirkel                ,"                   London, United Kingdom                ",https://www.australianinvestmentnetwork.com/business-proposals/the-cirkel-15-1225148
104,                   Unique Furniture Platform                ,"                   Geneva, Switzerland                ",https://www.australianinvestmentnetwork.com/business-proposals/unique-furniture-platform-15-1237814
105,                    Work Space Locator App                ,"                   Central, Switzerland                ",https://www.australianinvestmentnetwork.com/business-proposals/work-space-locator-app-15-1239699
106,                   Work Space Locator App                ,"                   Central, Switzerland                ",https://www.australianinvestmentnetwork.com/business-proposals/work-space-locator-app-15-1237718
107,                   Power Woman                ,"                   Sweden, Sweden                ",https://www.australianinvestmentnetwork.com/business-proposals/power-woman-15-1239667
108,                   Club Shares                ,"                   Auckland, New Zealand                ",https://www.australianinvestmentnetwork.com/business-proposals/club-shares-15-1164430
109,                   First Autism Buyers Club                ,"                   West, USA                ",https://www.australianinvestmentnetwork.com/business-proposals/first-autism-buyers-club-15-1184787
110,                   12% PA Return In Property                ,"                   Auckland, New Zealand                ",https://www.australianinvestmentnetwork.com/business-proposals/12-pa-return-property-15-1233793
111,                   Character = Destiny                ,"                   London, United Kingdom                ",https://www.australianinvestmentnetwork.com/business-proposals/character-destiny-15-1111093
112,                   Fair Forex                 ,"                   West, USA                ",https://www.australianinvestmentnetwork.com/business-proposals/fair-forex-15-1237849
113,                   Hypervolt - Smart EV                ,"                   London, United Kingdom                ",https://www.australianinvestmentnetwork.com/business-proposals/hypervolt-smart-ev-15-1152880
114,                   British Design Fund 4                ,"                   London, United Kingdom                ",https://www.australianinvestmentnetwork.com/business-proposals/british-design-fund-4-15-1228832
115,                   DohYangu Pre-Seed Round                ,                   Kenya                ,https://www.australianinvestmentnetwork.com/business-proposals/dohyangu-pre-seed-round-15-1228544
116,                   Luxury Beach Condos - LBI                ,"                   North East, USA                ",https://www.australianinvestmentnetwork.com/business-proposals/luxury-beach-condos-lbi-15-1225379
117,                   Longevity Clinic 48%-98%                ,"                   Geneva, Switzerland                ",https://www.australianinvestmentnetwork.com/business-proposals/longevity-clinic-48-98--15-1226065
118,                   X Lead Digital Funnel                ,"                   Hong Kong, Hong Kong                ",https://www.australianinvestmentnetwork.com/business-proposals/x-lead-digital-funnel-15-1218632
119,                   ALL-IN-ONE WEB & BIZ ...                ,"                   Midwest, USA                ",https://www.australianinvestmentnetwork.com/business-proposals/all-one-web-biz-dev-15-1163982
120,                   5Minutes Blockchain Co.                ,"                   Ontario, Canada                ",https://www.australianinvestmentnetwork.com/business-proposals/5minutes-blockchain-co-15-1232120
121,                   ESTIMATED ROI: 272%-466%                ,                   Australia                ,https://www.australianinvestmentnetwork.com/business-proposals/estimated-roi-272-466--15-1182714
122,                   AXIOM Holographics                ,"                   South West, USA                ",https://www.australianinvestmentnetwork.com/business-proposals/axiom-holographics-15-1165680
123,                   RED VIVIENDA                ,"                   Fuera de América del Sur, Panama                ",https://www.australianinvestmentnetwork.com/business-proposals/red-vivienda-15-1218270
124,                   Stockably                 ,"                   Western Cape, South Africa                ",https://www.australianinvestmentnetwork.com/business-proposals/stockably-15-1242820
125,                   FRAYT Seed Raise                ,"                   Midwest, USA                ",https://www.australianinvestmentnetwork.com/business-proposals/frayt-seed-raise-15-1225547
126,                   Toolbox                ,"                   London, United Kingdom                ",https://www.australianinvestmentnetwork.com/business-proposals/toolbox-15-1168519
127,                   Car Sharing Marketplace                ,"                   Ontario, Canada                ",https://www.australianinvestmentnetwork.com/business-proposals/car-sharing-marketplace-15-1226926
128,                   ITV Backed Gaming Scaleup                ,"                   London, United Kingdom                ",https://www.australianinvestmentnetwork.com/business-proposals/itv-backed-gaming-scaleup-15-1232046
129,                   Green Electrical Energy                ,"                   North East, USA                ",https://www.australianinvestmentnetwork.com/business-proposals/green-electrical-energy-15-1231061
130,                   Servio Capital Fund                ,"                   South East, USA                ",https://www.australianinvestmentnetwork.com/business-proposals/servio-capital-fund-15-1144635
131,                   ESTIMATED ROI: 273%-466%                ,                   USA                ,https://www.australianinvestmentnetwork.com/business-proposals/estimated-roi-273-466--15-1221818
132,                   Digitalizing MSMEs in SEA                ,"                   Singapore, Singapore                ",https://www.australianinvestmentnetwork.com/business-proposals/digitalizing-msmes-sea-15-674307
133,                   Personalised Co                 ,"                   London, United Kingdom                ",https://www.australianinvestmentnetwork.com/business-proposals/personalised-co-15-1225869
134,                   Medical Cannabis Pre-IPO                ,                   South Africa                ,https://www.australianinvestmentnetwork.com/business-proposals/medical-cannabis-pre-ipo-15-1223112
135,                   The New Way Of Writing!                ,"                   South East, USA                ",https://www.australianinvestmentnetwork.com/business-proposals/the-new-way-writing-15-1255516
136,                   The Grill Pub Co                ,"                   W. Midlands, United Kingdom                ",https://www.australianinvestmentnetwork.com/business-proposals/the-grill-pub-co-15-1248101
137,                   Aura House                 ,"                   Singapore, Singapore                ",https://www.australianinvestmentnetwork.com/business-proposals/aura-house-15-1255355
138,                   ProInteractive                ,"                   London, United Kingdom                ",https://www.australianinvestmentnetwork.com/business-proposals/prointeractive-15-1249908
139,                   255 MWp Solarpark                ,                   Switzerland                ,https://www.australianinvestmentnetwork.com/business-proposals/255-mwp-solarpark-15-1247317
140,                   Co Charger EV Network                ,"                   South West, United Kingdom                ",https://www.australianinvestmentnetwork.com/business-proposals/co-charger-ev-network-15-1246578
141,"                   Your Loan  = Equity, too                ","                   Midwest, USA                ",https://www.australianinvestmentnetwork.com/business-proposals/your-loan-equity-too-15-1220285
142,                   BreezeMove - PropTech                 ,"                   North West, United Kingdom                ",https://www.australianinvestmentnetwork.com/business-proposals/breezemove-proptech-15-1199737
143,                   Mamma Wellbeing                ,"                   London, United Kingdom                ",https://www.australianinvestmentnetwork.com/business-proposals/mamma-wellbeing-15-1102495
144,                   Njori                ,"                   London, United Kingdom                ",https://www.australianinvestmentnetwork.com/business-proposals/njori-15-946942
145,                   TRAIVIS/ E-learning                 ,"                   North East, United Kingdom                ",https://www.australianinvestmentnetwork.com/business-proposals/traivis-e-learning-15-1246916
146,                   Online Platform Biz                 ,"                   Mindanao, Philippines                ",https://www.australianinvestmentnetwork.com/business-proposals/online-platform-biz-15-1153411
147,                   The Future of Payroll                ,"                   North West, United Kingdom                ",https://www.australianinvestmentnetwork.com/business-proposals/the-future-payroll-15-1249711
148,                   1 Stop Car Services App                ,"                   Sindh, Pakistan                ",https://www.australianinvestmentnetwork.com/business-proposals/1-stop-car-services-app-15-1049545
149,                   West Chevington Farm                ,"                   North East, United Kingdom                ",https://www.australianinvestmentnetwork.com/business-proposals/west-chevington-farm-15-1244961
150,                   Green Energy Allies                 ,                   Austria                ,https://www.australianinvestmentnetwork.com/business-proposals/green-energy-allies-15-1237377
151,                   Enterprise Screening AI                ,"                   Singapore, Singapore                ",https://www.australianinvestmentnetwork.com/business-proposals/enterprise-screening-ai-15-1172826
152,"                   Mira, The Learning Coach                ","                   London, United Kingdom                ",https://www.australianinvestmentnetwork.com/business-proposals/mira-the-learning-coach-15-1234739
153,                   Mountbase                ,"                   London, United Kingdom                ",https://www.australianinvestmentnetwork.com/business-proposals/mountbase-15-1244309
154,"                   Creches, Online Preschool                ","                   Telangana, India                ",https://www.australianinvestmentnetwork.com/business-proposals/creches-online-preschool-15-78946
155,                   Wellbeing Sisters                ,"                   South East, United Kingdom                ",https://www.australianinvestmentnetwork.com/business-proposals/wellbeing-sisters-15-1128079
156,                   ArcX Technology                ,"                   London, United Kingdom                ",https://www.australianinvestmentnetwork.com/business-proposals/arcx-technology-15-748830
157,                   Metaverse Analytics                ,"                   Ontario, Canada                ",https://www.australianinvestmentnetwork.com/business-proposals/metaverse-analytics-15-1239460
158,                   Active Innovation Tech                ,"                   North East, USA                ",https://www.australianinvestmentnetwork.com/business-proposals/active-innovation-tech-15-1250185
159,                   INOPTEC Ltd.                ,"                   W. Midlands, United Kingdom                ",https://www.australianinvestmentnetwork.com/business-proposals/inoptec-ltd-15-742312
160,                   Savortex Limited                ,"                   London, United Kingdom                ",https://www.australianinvestmentnetwork.com/business-proposals/savortex-limited-15-1246879
161,                   Fresh Foods Expansion                 ,"                   West, USA                ",https://www.australianinvestmentnetwork.com/business-proposals/fresh-foods-expansion-15-1248701
162,                   Initsys Ltd                ,"                   East Midlands, United Kingdom                ",https://www.australianinvestmentnetwork.com/business-proposals/initsys-ltd-15-877842
163,                   100% nachhaltige Naturkos...                ,"                   Vorarlberg, Austria                ",https://www.australianinvestmentnetwork.com/business-proposals/100-nachhaltige-naturkosmetik-15-1208997
164,                   Imperium Isles                ,                   Saint Vincent                ,https://www.australianinvestmentnetwork.com/business-proposals/imperium-isles-15-1248582
165,                   nHouse final seed raise                ,"                   South East, United Kingdom                ",https://www.australianinvestmentnetwork.com/business-proposals/nhouse-final-seed-raise-15-888814
166,                   Suncamino Floral Rum                 ,"                   Western Cape, South Africa                ",https://www.australianinvestmentnetwork.com/business-proposals/suncamino-floral-rum-15-1166717
167,                   Fireseed                ,"                   Wellington , New Zealand                ",https://www.australianinvestmentnetwork.com/business-proposals/fireseed-15-1225130
168,                   Infinity Invest                ,"                   Gauteng, South Africa                ",https://www.australianinvestmentnetwork.com/business-proposals/infinity-invest-15-1206331
169,                   KB Crypto Hedge Fund                ,"                   Alberta, Canada                ",https://www.australianinvestmentnetwork.com/business-proposals/kb-crypto-hedge-fund-15-1156005
170,                   Porter                ,"                   Wales, United Kingdom                ",https://www.australianinvestmentnetwork.com/business-proposals/porter-15-1071058
171,                   Metavo....for your health                ,                   Canada                ,https://www.australianinvestmentnetwork.com/business-proposals/metavofor-your-health-15-1208863
172,                   PsychOnline                 ,"                   South East, USA                ",https://www.australianinvestmentnetwork.com/business-proposals/psychonline-15-1207736
173,                   Vuba Driverless Transit                ,"                   South West, USA                ",https://www.australianinvestmentnetwork.com/business-proposals/vuba-driverless-transit-15-1229510
174,                   Social Network for Habits                ,                   Germany                ,https://www.australianinvestmentnetwork.com/business-proposals/social-network-for-habits-15-1227868
175,                   Plumbing Company                ,"                   South East, USA                ",https://www.australianinvestmentnetwork.com/business-proposals/plumbing-company-15-1228984
176,                   Real Estate Market                ,"                   Midwest, USA                ",https://www.australianinvestmentnetwork.com/business-proposals/real-estate-market-15-1227279
177,                   Wannabetonit                ,"                   London, United Kingdom                ",https://www.australianinvestmentnetwork.com/business-proposals/wannabetonit-15-960411
178,                   Bella's Boutique Hot...                ,"                   West, USA                ",https://www.australianinvestmentnetwork.com/business-proposals/bellas-boutique-hotel-15-1129498
179,                   Artform Platform                ,                   Ireland                ,https://www.australianinvestmentnetwork.com/business-proposals/artform-platform-15-1196203
180,                   Squeaky Attachable Bidet                ,"                   Hong Kong, Hong Kong                ",https://www.australianinvestmentnetwork.com/business-proposals/squeaky-attachable-bidet-15-1222109
181,                   Ist Intl Online Lottery                ,"                   West, USA                ",https://www.australianinvestmentnetwork.com/business-proposals/ist-intl-online-lottery-15-1222065
182,                   Music Distribution & ...                ,                   Belgium                ,https://www.australianinvestmentnetwork.com/business-proposals/music-distribution-data-15-1110833
183,                   Service Operations SaaS                ,"                   North East, USA                ",https://www.australianinvestmentnetwork.com/business-proposals/service-operations-saas-15-1221645
184,                   Patented Drone Seriese A                ,                   Latvia                ,https://www.australianinvestmentnetwork.com/business-proposals/patented-drone-seriese-a-15-1195314
185,                   Concord - for communities                ,"                   Gauteng, South Africa                ",https://www.australianinvestmentnetwork.com/business-proposals/concord-for-communities-15-1243126
186,                   Legal Social Media 4 All                ,"                   Midwest, USA                ",https://www.australianinvestmentnetwork.com/business-proposals/legal-social-media-4-all-15-1218389
187,                   Swiss Cell and Gene                 ,"                   North Western, Switzerland                ",https://www.australianinvestmentnetwork.com/business-proposals/swiss-cell-and-gene-15-1248895
188,                   Hotei Energy                 ,"                   South East, USA                ",https://www.australianinvestmentnetwork.com/business-proposals/hotei-energy-15-1156642
189,                   Hospitality Software                ,"                   Auckland, New Zealand                ",https://www.australianinvestmentnetwork.com/business-proposals/hospitality-software-15-1255491
190,                   BIDME APP                ,"                   South East, United Kingdom                ",https://www.australianinvestmentnetwork.com/business-proposals/bidme-app-15-1243975
191,                   Nwokie Organic Aqua Farm                 ,"                   Midwest, USA                ",https://www.australianinvestmentnetwork.com/business-proposals/nwokie-organic-aqua-farm-15-1237731
192,                   Own % 5GNetwork Expansion                ,"                   South East, USA                ",https://www.australianinvestmentnetwork.com/business-proposals/own-5gnetwork-expansion-15-1232454
193,                   First ever NFT Lounge                ,"                   South East, USA                ",https://www.australianinvestmentnetwork.com/business-proposals/first-ever-nft-lounge-15-1255474
194,                   STAXY Ltd                ,"                   London, United Kingdom                ",https://www.australianinvestmentnetwork.com/business-proposals/staxy-ltd-15-1238328
195,                   Coal Mine Investment Oppo...                ,                   Venezuela                ,https://www.australianinvestmentnetwork.com/business-proposals/coal-mine-investment-opportunity-15-1254918
196,                   Verdi                 ,                   Croatia                ,https://www.australianinvestmentnetwork.com/business-proposals/verdi-15-1254663
197,                   Neufeld industries                ,"                   Chihuahua, Mexico                ",https://www.australianinvestmentnetwork.com/business-proposals/neufeld-industries-15-1225708
198,                   Bonatra Pitch                ,"                   Karnataka, India                ",https://www.australianinvestmentnetwork.com/business-proposals/bonatra-pitch-15-1254766
199,                   Refined Satellite Telecom                ,"                   Manila, Philippines                ",https://www.australianinvestmentnetwork.com/business-proposals/refined-satellite-telecom-15-1229048
200,                   10% Monthly Return                 ,"                   Limpopo, South Africa                ",https://www.australianinvestmentnetwork.com/business-proposals/10-monthly-return-15-1234950
201,                   Shrett Limited                ,"                   Hong Kong, Hong Kong                ",https://www.australianinvestmentnetwork.com/business-proposals/shrett-limited-15-1223758
202,                   Dulol Atención Dig...                ,"                   Zacatecas, Mexico                ",https://www.australianinvestmentnetwork.com/business-proposals/dulol-atencion-digital-15-1219184
203,                   Invest in No1 London                ,                   United Kingdom                ,https://www.australianinvestmentnetwork.com/business-proposals/invest-no1-london-15-1247176
204,                   EcoHydra Technologies Ltd                ,"                   East Midlands, United Kingdom                ",https://www.australianinvestmentnetwork.com/business-proposals/ecohydra-technologies-ltd-15-1241504
205,                   RapAdd MFG                ,"                   Sweden, Sweden                ",https://www.australianinvestmentnetwork.com/business-proposals/rapadd-mfg-15-1237214
206,                   Earn 2% Per Month                ,"                   North West, United Kingdom                ",https://www.australianinvestmentnetwork.com/business-proposals/earn-2-per-month-15-1239346
207,                   CEA Farms & Delivery ...                ,"                   South East, USA                ",https://www.australianinvestmentnetwork.com/business-proposals/cea-farms-delivery-usa-15-743946
208,                   Filisia                ,"                   London, United Kingdom                ",https://www.australianinvestmentnetwork.com/business-proposals/filisia-15-1194163
209,                   Rejuvenation Water                 ,"                   London, United Kingdom                ",https://www.australianinvestmentnetwork.com/business-proposals/rejuvenation-water-15-796278
210,                   Polker                ,                   Malta                ,https://www.australianinvestmentnetwork.com/business-proposals/polker-15-1237812
211,                   A negative turns positive                ,"                   Hawke's Bay, New Zealand                ",https://www.australianinvestmentnetwork.com/business-proposals/a-negative-turns-positive-15-1254368
212,                   Marketplace Arbitrage                 ,"                   Singapore, Singapore                ",https://www.australianinvestmentnetwork.com/business-proposals/marketplace-arbitrage-15-1238204
213,                   Bridging The Gap                 ,"                   Midwest, USA                ",https://www.australianinvestmentnetwork.com/business-proposals/bridging-the-gap-15-1169086
214,                   TransferMyBills                ,"                   London, United Kingdom                ",https://www.australianinvestmentnetwork.com/business-proposals/transfermybills-15-1253371
215,                   3ti Energy Hubs                ,"                   South East, United Kingdom                ",https://www.australianinvestmentnetwork.com/business-proposals/3ti-energy-hubs-15-1251564
216,                   Hirecreed                ,"                   London, United Kingdom                ",https://www.australianinvestmentnetwork.com/business-proposals/hirecreed-15-1215586
217,                   Massive Analytic Limited                ,"                   London, United Kingdom                ",https://www.australianinvestmentnetwork.com/business-proposals/massive-analytic-limited-15-1178061
218,                   Aquaponic Cannabis                 ,"                   Gauteng, South Africa                ",https://www.australianinvestmentnetwork.com/business-proposals/aquaponic-cannabis-15-1228445
219,                   Live Experiences for Musi                ,"                   London, United Kingdom                ",https://www.australianinvestmentnetwork.com/business-proposals/live-experiences-for-musi-15-1241802
220,                   La Malaka (celiacos)                ,"                   Murcia, Spain                ",https://www.australianinvestmentnetwork.com/business-proposals/la-malaka-celiacos--15-1254050
221,                   WonderWorld Leisure Ltd                ,"                   North West, United Kingdom                ",https://www.australianinvestmentnetwork.com/business-proposals/wonderworld-leisure-ltd-15-1234508
222,                   Mobile Gaming Launch                ,"                   North East, USA                ",https://www.australianinvestmentnetwork.com/business-proposals/mobile-gaming-launch-15-1246378
223,                   Rebrand Twitter account                ,"                   Sweden, Sweden                ",https://www.australianinvestmentnetwork.com/business-proposals/rebrand-twitter-account-15-1252285
224,                   SM Recruitment                ,"                   South East, United Kingdom                ",https://www.australianinvestmentnetwork.com/business-proposals/sm-recruitment-15-1254021
225,                   Fem Foundry                 ,"                   London, United Kingdom                ",https://www.australianinvestmentnetwork.com/business-proposals/fem-foundry-15-1089599
226,                   SADHASHIV STEEL POWER LTD                ,"                   Andhra Pradesh, India                ",https://www.australianinvestmentnetwork.com/business-proposals/sadhashiv-steel-power-ltd-15-1172904
227,                   It's time to get a C...                ,"                   London, United Kingdom                ",https://www.australianinvestmentnetwork.com/business-proposals/its-time-to-get-clu-15-1227255
228,                   E-Mobilität                 ,"                   North Western, Switzerland                ",https://www.australianinvestmentnetwork.com/business-proposals/e-mobilitat-15-1229098
229,                   Acroya                ,"                   North Holland, Netherlands                ",https://www.australianinvestmentnetwork.com/business-proposals/acroya-15-1253675
230,                   Owello                 ,"                   South East, United Kingdom                ",https://www.australianinvestmentnetwork.com/business-proposals/owello-15-1020793
231,                   FundSouk Analytics                 ,                   Cyprus                ,https://www.australianinvestmentnetwork.com/business-proposals/fundsouk-analytics-15-1225511
232,                   Aqua Alarm - Safe Water                ,                   Norway                ,https://www.australianinvestmentnetwork.com/business-proposals/aqua-alarm-safe-water-15-1245975
233,                   Managed Marketplace                ,"                   London, United Kingdom                ",https://www.australianinvestmentnetwork.com/business-proposals/managed-marketplace-15-1242241
234,                   Cryptocurrency Utility                ,"                   Gauteng, South Africa                ",https://www.australianinvestmentnetwork.com/business-proposals/cryptocurrency-utility-15-1253760
235,                   MingleWise                ,"                   London, United Kingdom                ",https://www.australianinvestmentnetwork.com/business-proposals/minglewise-15-1227400
236,                   VirtlX Success Management                ,"                   York & Humb, United Kingdom                ",https://www.australianinvestmentnetwork.com/business-proposals/virtlx-success-management-15-798106
237,                   Rendez-Vous Chez Moi.fr                ,"                   Ile-de-France, France                ",https://www.australianinvestmentnetwork.com/business-proposals/rendez-vous-chez-moifr-15-1253606
238,                   Disruption of Tutoring                 ,"                   Singapore, Singapore                ",https://www.australianinvestmentnetwork.com/business-proposals/disruption-tutoring-15-1253541
239,                   Fanzine: £3m seed                ,"                   London, United Kingdom                ",https://www.australianinvestmentnetwork.com/business-proposals/fanzine-3m-seed-15-1223160
240,                   Cattle Investment                ,"                   Mpumalanga, South Africa                ",https://www.australianinvestmentnetwork.com/business-proposals/cattle-investment-15-966551
241,                   Cooking Oil Distibutor                ,"                   Calabarzon, Philippines                ",https://www.australianinvestmentnetwork.com/business-proposals/cooking-oil-distibutor-15-1117412
242,                   Fast Pace Growing Special...                ,"                   Auckland, New Zealand                ",https://www.australianinvestmentnetwork.com/business-proposals/fast-pace-growing-specialised-and-boutique-construction-business-15-1253281
243,                   Revolutionize Platforms                ,"                   London, United Kingdom                ",https://www.australianinvestmentnetwork.com/business-proposals/revolutionize-platforms-15-1229236
244,                   Publishing for Everybody                ,"                   North Holland, Netherlands                ",https://www.australianinvestmentnetwork.com/business-proposals/publishing-for-everybody-15-1251846
245,                   Long Term Landlord Sought                ,"                   Canterbury , New Zealand                ",https://www.australianinvestmentnetwork.com/business-proposals/long-term-landlord-sought-15-1236146
246,                   The GKOMB                ,"                   South East, United Kingdom                ",https://www.australianinvestmentnetwork.com/business-proposals/the-gkomb-15-1249946
247,                   Vacation homes rental                 ,"                   UAE, UAE                ",https://www.australianinvestmentnetwork.com/business-proposals/vacation-homes-rental-15-1226033
248,                   Single Malt Shipping                ,"                   Scotland, United Kingdom                ",https://www.australianinvestmentnetwork.com/business-proposals/single-malt-shipping-15-1252825
249,                   Conservatory Makeovers                ,"                   South West, United Kingdom                ",https://www.australianinvestmentnetwork.com/business-proposals/conservatory-makeovers-15-1253097
250,                   The Self Service Gym                ,"                   West, USA                ",https://www.australianinvestmentnetwork.com/business-proposals/the-self-service-gym-15-1251481
251,                   GenePlus Global Ltd - IM                ,                   Kenya                ,https://www.australianinvestmentnetwork.com/business-proposals/geneplus-global-ltd-im-15-1250981
252,                   Starbella                ,"                   South East, USA                ",https://www.australianinvestmentnetwork.com/business-proposals/starbella-15-1206269
253,                   Enormate Green Center                ,"                   Hessen, Germany                ",https://www.australianinvestmentnetwork.com/business-proposals/enormate-green-center-15-1202461
254,                   Series A Round                ,"                   Manila, Philippines                ",https://www.australianinvestmentnetwork.com/business-proposals/series-round-15-714048
255,                   EV Game Changer - VEOS                ,"                   South East, USA                ",https://www.australianinvestmentnetwork.com/business-proposals/ev-game-changer-veos-15-1234845
256,                   Great return and legacy                  ,                   South Africa                ,https://www.australianinvestmentnetwork.com/business-proposals/great-return-and-legacy-15-1230160
257,                   Mobile Gaming/E-Commerce                ,"                   South West, USA                ",https://www.australianinvestmentnetwork.com/business-proposals/mobile-gaming-e-commerce-15-1214035
258,                   Farmstand Seed extension                ,"                   London, United Kingdom                ",https://www.australianinvestmentnetwork.com/business-proposals/farmstand-seed-extension-15-1187129
259,                   Baron Marine Limited                  ,"                   Geneva, Switzerland                ",https://www.australianinvestmentnetwork.com/business-proposals/baron-marine-limited-15-1245063
260,                   MOZO Let's Play                ,"                   London, United Kingdom                ",https://www.australianinvestmentnetwork.com/business-proposals/mozo-lets-play-15-1123827
261,                   Tutorland                ,"                   South West, United Kingdom                ",https://www.australianinvestmentnetwork.com/business-proposals/tutorland-15-1205830
262,                   NudeVeggies                ,"                   Western Cape, South Africa                ",https://www.australianinvestmentnetwork.com/business-proposals/nudeveggies-15-1252128
263,                   MEJORANDO MILES DE VIDAS                ,"                   Fuera de América del Sur, USA                ",https://www.australianinvestmentnetwork.com/business-proposals/mejorando-miles-de-vidas-15-1244706
264,                   Azure Hybrid Yachts                ,"                   South East, USA                ",https://www.australianinvestmentnetwork.com/business-proposals/azure-hybrid-yachts-15-1195712
265,                   Puppy Gang Fresh Foods                ,"                   Ontario, Canada                ",https://www.australianinvestmentnetwork.com/business-proposals/puppy-gang-fresh-foods-15-1244054
266,                   The Real-World Metaverse                ,                   USA                ,https://www.australianinvestmentnetwork.com/business-proposals/the-real-world-metaverse-15-954569
267,                   Lexical Labs                ,"                   London, United Kingdom                ",https://www.australianinvestmentnetwork.com/business-proposals/lexical-labs-15-1206160
268,                   New RHS Connectors                ,"                   Trinidad and Tobago, Trinidad & Toba.                ",https://www.australianinvestmentnetwork.com/business-proposals/new-rhs-connectors-15-978773
269,                   Fisch Farm Project                 ,                   Benin                ,https://www.australianinvestmentnetwork.com/business-proposals/fisch-farm-project-15-1237018
270,                   Lifelancer                ,"                   South East, United Kingdom                ",https://www.australianinvestmentnetwork.com/business-proposals/lifelancer-15-1146322
271,                   Maisons Habitat                ,"                   Midi-Pyrénées, France                ",https://www.australianinvestmentnetwork.com/business-proposals/maisons-habitat-15-1229733
272,                   Alison Ofkem Chaussure                ,"                   Provence-Alpes-Côte d'Azur, France                ",https://www.australianinvestmentnetwork.com/business-proposals/alison-ofkem-chaussure-15-1252422
273,                   Online Estate Agency                 ,"                   London, United Kingdom                ",https://www.australianinvestmentnetwork.com/business-proposals/online-estate-agency-15-1250323
274,"                   Future of Work, SaaS                ",                   Ireland                ,https://www.australianinvestmentnetwork.com/business-proposals/future-work-saas-15-1252525
275,                   OurHistoryMuseum                ,"                   North East, USA                ",https://www.australianinvestmentnetwork.com/business-proposals/ourhistorymuseum-15-1252497
276,                   Hospitality Investment                 ,"                   London, United Kingdom                ",https://www.australianinvestmentnetwork.com/business-proposals/hospitality-investment-15-1252393
277,                   Services_Advocate                ,"                   Eastern Cape, South Africa                ",https://www.australianinvestmentnetwork.com/business-proposals/services-advocate-15-1252266
278,                   The Veganists App | Tech                ,"                   London, United Kingdom                ",https://www.australianinvestmentnetwork.com/business-proposals/the-veganists-app-tech-15-918467
279,                   Disruptive Plastics                 ,"                   North West, United Kingdom                ",https://www.australianinvestmentnetwork.com/business-proposals/disruptive-plastics-15-918537
280,                   Dängo                ,"                   Queretaro, Mexico                ",https://www.australianinvestmentnetwork.com/business-proposals/dango-15-1235154
281,                   Nounouche Village                ,"                   Haiti, Haiti                ",https://www.australianinvestmentnetwork.com/business-proposals/nounouche-village-15-969474
282,                   PharmaPMI                ,"                   Wallonia, Belgium                ",https://www.australianinvestmentnetwork.com/business-proposals/pharmapmi-15-1228768
283,                   Ātaahua (Beautiful) Hair ...                ,"                   Otago , New Zealand                ",https://www.australianinvestmentnetwork.com/business-proposals/ataahua-beautiful-hair-15-1243645
284,                   Homeats Healthy Food App                ,"                   London, United Kingdom                ",https://www.australianinvestmentnetwork.com/business-proposals/homeats-healthy-food-app-15-1250148
285,                   PROBLEM SOLVED                ,"                   Wellington , New Zealand                ",https://www.australianinvestmentnetwork.com/business-proposals/problem-solved-15-1252355
286,                   ERNEUERBARE ENERGIEN                 ,"                   Bayern, Germany                ",https://www.australianinvestmentnetwork.com/business-proposals/erneuerbare-energien-15-1250748
287,                   Menopause Experts Group                ,"                   London, United Kingdom                ",https://www.australianinvestmentnetwork.com/business-proposals/menopause-experts-group-15-1250107
288,                   Humin Smart Mood Tracker                ,"                   London, United Kingdom                ",https://www.australianinvestmentnetwork.com/business-proposals/humin-smart-mood-tracker-15-1250122
289,                   Cupla - Convertible Note                ,"                   Auckland, New Zealand                ",https://www.australianinvestmentnetwork.com/business-proposals/cupla-convertible-note-15-1252046
290,                   Web3 Marketplace-$3m+ GTV                ,"                   London, United Kingdom                ",https://www.australianinvestmentnetwork.com/business-proposals/web3-marketplace-3m-gtv-15-1252107
291,                   Homekeeper App                ,"                   Western Cape, South Africa                ",https://www.australianinvestmentnetwork.com/business-proposals/homekeeper-app-15-1251547
292,                   Commercial Agri                ,"                   Free State, South Africa                ",https://www.australianinvestmentnetwork.com/business-proposals/commercial-agri-15-1251808
293,                   Equi+poise biomechanics                ,"                   South West, United Kingdom                ",https://www.australianinvestmentnetwork.com/business-proposals/equi-poise-biomechanics-15-1208257
294,                   WINGS - Feature Film                ,"                   North West, United Kingdom                ",https://www.australianinvestmentnetwork.com/business-proposals/wings-feature-film-15-998140
295,                   MotivateMe- Social Media                ,"                   Scotland, United Kingdom                ",https://www.australianinvestmentnetwork.com/business-proposals/motivateme-social-media-15-1107337
296,                   BreedCo-MEDICAL CANNABIS                ,                   Colombia                ,https://www.australianinvestmentnetwork.com/business-proposals/breedco-medical-cannabis-15-935093
297,                   18% ROI PER MONTH                ,"                   Dublin, Ireland                ",https://www.australianinvestmentnetwork.com/business-proposals/18-roi-per-month-15-200691
298,                   Automotive Safety Camera                ,"                   York & Humb, United Kingdom                ",https://www.australianinvestmentnetwork.com/business-proposals/automotive-safety-camera-15-1249497
299,                   Housing Development                ,                   Portugal                ,https://www.australianinvestmentnetwork.com/business-proposals/housing-development-15-1250807
300,                   CFM Hotels                 ,                   Spain                ,https://www.australianinvestmentnetwork.com/business-proposals/cfm-hotels-15-1251485
301,                   P2Earn Metaverse Crypto                 ,"                   KwaZulu-Natal, South Africa                ",https://www.australianinvestmentnetwork.com/business-proposals/p2earn-metaverse-crypto-15-1243421
302,                   Mataono                ,"                   Sachsen, Germany                ",https://www.australianinvestmentnetwork.com/business-proposals/mataono-15-1248265
303,                   Hollywood Film Produktion                ,"                   Im Ausland, USA                ",https://www.australianinvestmentnetwork.com/business-proposals/hollywood-film-produktion-15-1246150
304,                   Organ Health Assessment                ,"                   South East, United Kingdom                ",https://www.australianinvestmentnetwork.com/business-proposals/organ-health-assessment-15-804057
305,                   Cultured Pearl Candles                 ,"                   South East, USA                ",https://www.australianinvestmentnetwork.com/business-proposals/cultured-pearl-candles-15-1251053
306,                   Geothermal Wells                ,"                   Midwest, USA                ",https://www.australianinvestmentnetwork.com/business-proposals/geothermal-wells-15-1251360
307,                   Sport und Luxusfahrzeuge                ,"                   Tirol, Austria                ",https://www.australianinvestmentnetwork.com/business-proposals/sport-und-luxusfahrzeuge-15-1243754
308,                   Funding the Future                ,"                   South West, United Kingdom                ",https://www.australianinvestmentnetwork.com/business-proposals/funding-the-future-15-1228498
309,                   Crypto-minage en immersio...                ,"                   Central, Switzerland                ",https://www.australianinvestmentnetwork.com/business-proposals/crypto-minage-en-immersion-15-829238
310,                   +App                 ,"                   London, United Kingdom                ",https://www.australianinvestmentnetwork.com/business-proposals/app-15-1236045
311,                   UPCASA Luxus-Immo Mallorc                ,                   Spain                ,https://www.australianinvestmentnetwork.com/business-proposals/upcasa-luxus-immo-mallorc-15-1236069
312,                   Crypto Banking Platform                ,                   United Kingdom                ,https://www.australianinvestmentnetwork.com/business-proposals/crypto-banking-platform-15-1205640
313,                   MOSHIUP GROUP                ,"                   Wallonia, Belgium                ",https://www.australianinvestmentnetwork.com/business-proposals/moshiup-group-15-1217832
314,                   Film Adaption-Seeks Funds                ,"                   London, United Kingdom                ",https://www.australianinvestmentnetwork.com/business-proposals/film-adaption-seeks-funds-15-1159826
315,                   MasonicTemple.io                ,"                   Fuera de España , Portugal                ",https://www.australianinvestmentnetwork.com/business-proposals/masonictempleio-15-1237514
316,                   Ceramiq Inc New Factory                ,"                   Visayas, Philippines                ",https://www.australianinvestmentnetwork.com/business-proposals/ceramiq-inc-new-factory-15-1196705
317,                   Phil_Socialized Housing                ,"                   Luzon, Philippines                ",https://www.australianinvestmentnetwork.com/business-proposals/phil-socialized-housing-15-1230248
318,                   Medicare Supplement Plans                ,"                   South East, USA                ",https://www.australianinvestmentnetwork.com/business-proposals/medicare-supplement-plans-15-1240147
319,                   Volt Technology                ,"                   Auckland, New Zealand                ",https://www.australianinvestmentnetwork.com/business-proposals/volt-technology-15-1194414
320,                   Sesire                ,"                   London, United Kingdom                ",https://www.australianinvestmentnetwork.com/business-proposals/sesire-15-1235695
321,                   BeoBia - Insect Pet Feed                ,"                   London, United Kingdom                ",https://www.australianinvestmentnetwork.com/business-proposals/beobia-insect-pet-feed-15-1235625
322,                   Metacoms                ,"                   Utrecht, Netherlands                ",https://www.australianinvestmentnetwork.com/business-proposals/metacoms-15-1235172
323,                   Confiamos Colombia                ,"                   Colombia, Colombia                ",https://www.australianinvestmentnetwork.com/business-proposals/confiamos-colombia-15-1247251
324,                   Environmental Fuel                ,                   Poland                ,https://www.australianinvestmentnetwork.com/business-proposals/environmental-fuel-15-1243043
325,                   Lost Generation NFT                ,"                   Hong Kong, Hong Kong                ",https://www.australianinvestmentnetwork.com/business-proposals/lost-generation-nft-15-1242752
326,                   Global Team Horse Racing                ,"                   London, United Kingdom                ",https://www.australianinvestmentnetwork.com/business-proposals/global-team-horse-racing-15-1224854
327,                   UK Holiday Anglesey                ,"                   North West, United Kingdom                ",https://www.australianinvestmentnetwork.com/business-proposals/uk-holiday-anglesey-15-1233930
328,                   BendLight Ltd                ,"                   London, United Kingdom                ",https://www.australianinvestmentnetwork.com/business-proposals/bendlight-ltd-15-1235764
329,                   Agri processing                ,"                   Rift Valley, Kenya                ",https://www.australianinvestmentnetwork.com/business-proposals/agri-processing-15-1248818
330,                   Safe Sign                ,"                   London, United Kingdom                ",https://www.australianinvestmentnetwork.com/business-proposals/safe-sign-15-1227866
331,                   Influenceroot.com                ,"                   Argentina, Argentina                ",https://www.australianinvestmentnetwork.com/business-proposals/influencerootcom-15-1242717
332,                   Interest every 90 days                ,"                   Singapore, Singapore                ",https://www.australianinvestmentnetwork.com/business-proposals/interest-every-90-days-15-1240205
333,                   Job Creation Programme                 ,"                   Singapore, Singapore                ",https://www.australianinvestmentnetwork.com/business-proposals/job-creation-programme-15-1242151
334,                   Highway Data Systems                ,"                   East Anglia, United Kingdom                ",https://www.australianinvestmentnetwork.com/business-proposals/highway-data-systems-15-225788
335,                   Get Legally Speaking                ,"                   London, United Kingdom                ",https://www.australianinvestmentnetwork.com/business-proposals/get-legally-speaking-15-1226031
336,                   Aventi - Unlock Adventure                ,"                   British Columbia, Canada                ",https://www.australianinvestmentnetwork.com/business-proposals/aventi-unlock-adventure-15-1226748
337,                   Shopit - eCommerce                ,"                   North West, United Kingdom                ",https://www.australianinvestmentnetwork.com/business-proposals/shopit-ecommerce-15-945465
338,                   Profit/Return Rate 25%                 ,"                   UAE, UAE                ",https://www.australianinvestmentnetwork.com/business-proposals/profit-return-rate-25--15-1250279
339,                   Ókolo eco-diapers                ,"                   Colombia, Colombia                ",https://www.australianinvestmentnetwork.com/business-proposals/okolo-eco-diapers-15-1242474
340,                   The Vakay LLC                ,"                   Midwest, USA                ",https://www.australianinvestmentnetwork.com/business-proposals/the-vakay-llc-15-1240154
341,                   Building a dream castle                ,"                   West, USA                ",https://www.australianinvestmentnetwork.com/business-proposals/building-dream-castle-15-1240662
342,                   E-Stream Battery                ,"                   Nordrhein-Westfalen, Germany                ",https://www.australianinvestmentnetwork.com/business-proposals/e-stream-battery-15-1235008
343,                   E-Stream                ,"                   Nordrhein-Westfalen, Germany                ",https://www.australianinvestmentnetwork.com/business-proposals/e-stream-15-1234137
344,                   Wine Trading Club                ,                   United Kingdom                ,https://www.australianinvestmentnetwork.com/business-proposals/wine-trading-club-15-1248984
345,                   Skyscanner for secondhand                ,"                   Wales, United Kingdom                ",https://www.australianinvestmentnetwork.com/business-proposals/skyscanner-for-secondhand-15-1207516
346,                   IT Startup (Switzerland)                ,                   Switzerland                ,https://www.australianinvestmentnetwork.com/business-proposals/it-startup-switzerland--15-1249856
347,                   Globesecure-Cybersecurity                ,"                   Maharashtra, India                ",https://www.australianinvestmentnetwork.com/business-proposals/globesecure-cybersecurity-15-1089013
348,                   Bragardo App                ,"                   South East, United Kingdom                ",https://www.australianinvestmentnetwork.com/business-proposals/bragardo-app-15-1229463
349,                   GBS/BPO Incubator                ,"                   Western Cape, South Africa                ",https://www.australianinvestmentnetwork.com/business-proposals/gbs-bpo-incubator-15-1249730
350,                   Vending Manufacturer                ,"                   Eastern Cape, South Africa                ",https://www.australianinvestmentnetwork.com/business-proposals/vending-manufacturer-15-1246915
351,                   Antwerp Real Estate!                ,"                   Antwerp, Belgium                ",https://www.australianinvestmentnetwork.com/business-proposals/antwerp-real-estate-15-1243227
352,                   Projekt Acura GmbH                ,"                   Bayern, Germany                ",https://www.australianinvestmentnetwork.com/business-proposals/projekt-acura-gmbh-15-268152
353,                   No child left behind                 ,"                   Singapore, Singapore                ",https://www.australianinvestmentnetwork.com/business-proposals/no-child-left-behind-15-1241497
354,                   EcoFuel Conversion Center                ,"                   Grenada, Grenada                ",https://www.australianinvestmentnetwork.com/business-proposals/ecofuel-conversion-center-15-1182303
355,                   The Keto Oven                ,"                   Ontario, Canada                ",https://www.australianinvestmentnetwork.com/business-proposals/the-keto-oven-15-1241275
356,                   Proven Investor Returns                ,"                   Singapore, Singapore                ",https://www.australianinvestmentnetwork.com/business-proposals/proven-investor-returns-15-703592
357,                   UKHeatPumps - Renewables                 ,"                   London, United Kingdom                ",https://www.australianinvestmentnetwork.com/business-proposals/ukheatpumps-renewables-15-1219012
358,                   Mein Leggins Online Shop                ,"                   Im Ausland, Switzerland                ",https://www.australianinvestmentnetwork.com/business-proposals/mein-leggins-online-shop-15-1233552
359,                   Shadee                ,"                   Punjab, Pakistan                ",https://www.australianinvestmentnetwork.com/business-proposals/shadee-15-1094383
360,                   Revolutionizing Roadside ...                ,"                   South West, USA                ",https://www.australianinvestmentnetwork.com/business-proposals/revolutionizing-roadside-assistance-15-1248869
361,                   Engineering Microbes                 ,"                   North West, United Kingdom                ",https://www.australianinvestmentnetwork.com/business-proposals/engineering-microbes-15-1247475
362,                   Tushiya Investments Ltd.                ,"                   Dublin, Ireland                ",https://www.australianinvestmentnetwork.com/business-proposals/tushiya-investments-ltd-15-1233485
363,                   Disruptive Mushroom Co.                ,"                   Alberta, Canada                ",https://www.australianinvestmentnetwork.com/business-proposals/disruptive-mushroom-co-15-1202690
364,                   Tecnología disrupt...                ,"                   Oaxaca, Mexico                ",https://www.australianinvestmentnetwork.com/business-proposals/tecnologia-disruptiva-15-1248509
365,                   Copper Mine/ Porphyry                 ,"                   South West, USA                ",https://www.australianinvestmentnetwork.com/business-proposals/copper-mine-porphyry-15-1213786
366,                   20% pa OR Equity Share                ,"                   Free State, South Africa                ",https://www.australianinvestmentnetwork.com/business-proposals/20-pa-equity-share-15-148229
367,                   Sustainable EnergyProject                ,                   Netherlands                ,https://www.australianinvestmentnetwork.com/business-proposals/sustainable-energyproject-15-1244792
368,                   OLLARI                ,"                   South East, USA                ",https://www.australianinvestmentnetwork.com/business-proposals/ollari-15-1248705
369,                   LatAm Loan Marketplace                ,                   Panama                ,https://www.australianinvestmentnetwork.com/business-proposals/latam-loan-marketplace-15-1248737
370,                   Himalayan Venture                 ,"                   South East, United Kingdom                ",https://www.australianinvestmentnetwork.com/business-proposals/himalayan-venture-15-1248318
371,                   Period Drama Thriller                 ,"                   London, United Kingdom                ",https://www.australianinvestmentnetwork.com/business-proposals/period-drama-thriller-15-1248371
372,                   Inga Atelier                ,                   UAE                ,https://www.australianinvestmentnetwork.com/business-proposals/inga-atelier-15-1240346
373,                   Construct.app                ,"                   Nelson, New Zealand                ",https://www.australianinvestmentnetwork.com/business-proposals/constructapp-15-1241659
374,                   Erntebezugsrecht 10 Jahre                ,"                   Niederösterreich, Austria                ",https://www.australianinvestmentnetwork.com/business-proposals/erntebezugsrecht-10-jahre-15-969894
375,                   Funds needed for start-up                ,"                   North East, USA                ",https://www.australianinvestmentnetwork.com/business-proposals/funds-needed-for-start-up-15-1208232
376,                   Blue Sky Investment                ,"                   Dublin, Ireland                ",https://www.australianinvestmentnetwork.com/business-proposals/blue-sky-investment-15-1246592
377,                   owe Dating v Tinder                ,"                   South East, United Kingdom                ",https://www.australianinvestmentnetwork.com/business-proposals/owe-dating-v-tinder-15-1245631
378,                   Acedspaliens                ,"                   South East, USA                ",https://www.australianinvestmentnetwork.com/business-proposals/acedspaliens-15-1242704
379,                   Real Estate Investment                ,"                   West, USA                ",https://www.australianinvestmentnetwork.com/business-proposals/real-estate-investment-15-1189823
380,                   2120sqm land with pre-app                ,"                   Wales, United Kingdom                ",https://www.australianinvestmentnetwork.com/business-proposals/2120sqm-land-pre-app-15-1251464
381,                   Mini Car Wash                ,"                   Nuevo Leon, Mexico                ",https://www.australianinvestmentnetwork.com/business-proposals/mini-car-wash-15-1231688
382,                   Touched by Allah                ,"                   West, USA                ",https://www.australianinvestmentnetwork.com/business-proposals/touched-by-allah-15-1251728
383,                   Felica Rental                ,"                   North East, USA                ",https://www.australianinvestmentnetwork.com/business-proposals/felica-rental-15-1252258
384,                   Nächste BlackRock Fi...                ,"                   Baden-Württemberg, Germany                ",https://www.australianinvestmentnetwork.com/business-proposals/nachste-blackrock-firma-15-1225152
385,                   Market Power!!                ,"                   Western Cape, South Africa                ",https://www.australianinvestmentnetwork.com/business-proposals/market-power-15-859576
386,                   £250K RETURN &pound...                ,"                   London, United Kingdom                ",https://www.australianinvestmentnetwork.com/business-proposals/250k-return-12-req-15-1235236
